# /// USERS /////////////////////////////////////////////////
INSERT INTO users (id, username, password, first_name, middle_initial, last_name, birth_date, is_admin, email, phone_number, gender, job ,address)
VALUES
(1, 'johndoe', 'password123', 'John', 'A', 'Doe', '1990-05-14', false, 'johndoe@example.com', '1234567890', 'M', 'accountant', 'İzmir'),
(2, 'janedoe', 'password123', 'Jane', null, 'Doe', '1992-03-22', false, 'janedoe@example.com', '0987654321', 'F', 'teacher', 'Bursa'),
(3, 'bobjones', 'password123', 'Bob', 'C', 'Jones', '1989-08-09', false, 'bobjones@example.com', '1239874560', 'M', 'engineer', 'Ankara'),
(4, 'alicebrown', 'password123', 'Alice', null, 'Brown', '1998-12-01', false, 'alicebrown@example.com', '5678901234', 'F', 'accountant', 'İstanbul'),
(5, 'mikelee', 'password123', 'Mike', 'D', 'Lee', '1970-07-15', false, 'mikelee@example.com', '3456789012', 'M', 'doctor', 'İstanbul'),
(6, 'emilywhite', 'password123', 'Emily', 'E', 'White', '2005-11-20', false, 'emilywhite@example.com', '7890123456', 'F', 'engineer', 'Trabzon'),
(7, 'davidblack', 'password123', 'David', null, 'Black', '1965-02-18', false, 'davidblack@example.com', '2345678901', 'M', 'waiter', 'Adana'),
(8, 'g4stly', 'adminpassword', 'G4stly', null, 'the Lord', '2003-01-01', true, 'g4stly@example.com', null, 'M', 'CEO', 'İstanbul');

-- 92 users generated using py script:
INSERT INTO users (username, password, first_name, middle_initial, last_name, birth_date, is_admin, email, phone_number, gender, job, address) VALUES
('Mustafa_Yilmaz', 'password123', 'Mustafa', 'A', 'Yılmaz', '2000-11-18', 0, 'user9@example.com', '5325140143', 'M', 'engineer', 'İstanbul'),
('Ahmet_Kaya', 'password123', 'Ahmet', 'B', 'Kaya', '2000-02-28', 0, 'user10@example.com', '5029714955', 'M', 'doctor', 'Ankara'),
('Ali_Demir', 'password123', 'Ali', 'C', 'Demir', '1966-01-08', 0, 'user11@example.com', '5173401770', 'M', 'accountant', 'İzmir'),
('Huseyin_Sahin', 'password123', 'Hüseyin', 'D', 'Şahin', '1991-02-14', 0, 'user12@example.com', '5814970205', 'M', 'waiter', 'Bursa'),
('Hasan_Celik', 'password123', 'Hasan', 'E', 'Çelik', '1991-01-29', 0, 'user13@example.com', '5799835956', 'M', 'nurse', 'Adana'),
('Ismail_Ozturk', 'password123', 'İsmail', 'F', 'Öztürk', '1964-02-03', 0, 'user14@example.com', '5084440481', 'M', 'architect', 'Trabzon'),
('Mehmet_Aydin', 'password123', 'Mehmet', 'G', 'Aydın', '1982-06-11', 0, 'user15@example.com', '5284714821', 'M', 'designer', 'Giresun'),
('Osman_Arslan', 'password123', 'Osman', 'H', 'Arslan', '1965-08-22', 0, 'user16@example.com', '5811030851', 'M', 'police officer', 'Samsun'),
('Yusuf_Dogan', 'password123', 'Yusuf', 'I', 'Doğan', '2001-09-02', 0, 'user17@example.com', '5725063329', 'M', 'lawyer', 'İstanbul'),
('Murat_Kilic', 'password123', 'Murat', 'J', 'Kılıç', '2000-05-23', 0, 'user18@example.com', '5843957514', 'M', 'dentist', 'Ankara'),
('Omer_Yilmaz', 'password123', 'Ömer', 'K', 'Yılmaz', '1988-02-06', 0, 'user19@example.com', '5189566756', 'M', 'vet', 'İzmir'),
('Ramazan_Kaya', 'password123', 'Ramazan', 'L', 'Kaya', '1984-04-04', 0, 'user20@example.com', '5186266245', 'M', 'engineer', 'Bursa'),
('Suleyman_Demir', 'password123', 'Süleyman', 'M', 'Demir', '1964-05-14', 0, 'user21@example.com', '5349401039', 'M', 'doctor', 'Adana'),
('Abdullah_Sahin', 'password123', 'Abdullah', 'N', 'Şahin', '1975-12-16', 0, 'user22@example.com', '5601343758', 'M', 'accountant', 'Trabzon'),
('Mahmut_Celik', 'password123', 'Mahmut', 'O', 'Çelik', '1998-10-26', 0, 'user23@example.com', '5809650297', 'M', 'waiter', 'Giresun'),
('Recep_Ozturk', 'password123', 'Recep', 'P', 'Öztürk', '1989-02-07', 0, 'user24@example.com', '5329730645', 'M', 'nurse', 'Samsun'),
('Salih_Aydin', 'password123', 'Salih', 'Q', 'Aydın', '1990-11-21', 0, 'user25@example.com', '5819676829', 'M', 'architect', 'İstanbul'),
('Fatih_Arslan', 'password123', 'Fatih', 'R', 'Arslan', '1964-11-02', 0, 'user26@example.com', '5864094161', 'M', 'designer', 'Ankara'),
('Kadir_Dogan', 'password123', 'Kadir', 'S', 'Doğan', '1993-09-27', 0, 'user27@example.com', '5326451906', 'M', 'police officer', 'İzmir'),
('Emre_Kilic', 'password123', 'Emre', 'T', 'Kılıç', '1968-06-09', 0, 'user28@example.com', '5647427581', 'M', 'lawyer', 'Bursa'),
('Hakan_Yilmaz', 'password123', 'Hakan', 'U', 'Yılmaz', '1990-11-01', 0, 'user29@example.com', '5738935974', 'M', 'dentist', 'Adana'),
('Adem_Kaya', 'password123', 'Adem', 'V', 'Kaya', '1965-09-23', 0, 'user30@example.com', '5149370787', 'M', 'vet', 'Trabzon'),
('Kemal_Demir', 'password123', 'Kemal', 'W', 'Demir', '1970-08-19', 0, 'user31@example.com', '5260106834', 'M', 'engineer', 'Giresun'),
('Yasar_Sahin', 'password123', 'Yaşar', 'X', 'Şahin', '1993-03-25', 0, 'user32@example.com', '5991291318', 'M', 'doctor', 'Samsun'),
('Bekir_Celik', 'password123', 'Bekir', 'Y', 'Çelik', '1981-09-22', 0, 'user33@example.com', '5053702839', 'M', 'accountant', 'İstanbul'),
('Musa_Ozturk', 'password123', 'Musa', 'Z', 'Öztürk', '1975-10-14', 0, 'user34@example.com', '5065512706', 'M', 'waiter', 'Ankara'),
('Metin_Aydin', 'password123', 'Metin', 'A', 'Aydın', '1974-07-02', 0, 'user35@example.com', '5144067967', 'M', 'nurse', 'İzmir'),
('Bayram_Arslan', 'password123', 'Bayram', 'B', 'Arslan', '1973-10-05', 0, 'user36@example.com', '5442351682', 'M', 'architect', 'Bursa'),
('Serkan_Dogan', 'password123', 'Serkan', 'C', 'Doğan', '1997-12-28', 0, 'user37@example.com', '5543642725', 'M', 'designer', 'Adana'),
('Orhan_Kilic', 'password123', 'Orhan', 'D', 'Kılıç', '1978-08-10', 0, 'user38@example.com', '5365554825', 'M', 'police officer', 'Trabzon'),
('Burak_Yilmaz', 'password123', 'Burak', 'E', 'Yılmaz', '1969-08-17', 0, 'user39@example.com', '5755683248', 'M', 'lawyer', 'Giresun'),
('Furkan_Kaya', 'password123', 'Furkan', 'F', 'Kaya', '1974-11-17', 0, 'user40@example.com', '5948092814', 'M', 'dentist', 'Samsun'),
('Gokhan_Demir', 'password123', 'Gökhan', 'G', 'Demir', '1999-03-29', 0, 'user41@example.com', '5924949900', 'M', 'vet', 'İstanbul'),
('Yasin_Sahin', 'password123', 'Yasin', 'H', 'Şahin', '1968-09-28', 0, 'user42@example.com', '5518560722', 'M', 'engineer', 'Ankara'),
('Ugur_Celik', 'password123', 'Uğur', 'I', 'Çelik', '1964-12-20', 0, 'user43@example.com', '5124710596', 'M', 'doctor', 'İzmir'),
('Yakup_Ozturk', 'password123', 'Yakup', 'J', 'Öztürk', '1971-09-07', 0, 'user44@example.com', '5832638955', 'M', 'accountant', 'Bursa'),
('Muhammed_Aydin', 'password123', 'Muhammed', 'K', 'Aydın', '1988-03-22', 0, 'user45@example.com', '5298180022', 'M', 'waiter', 'Adana'),
('Sukru_Arslan', 'password123', 'Şükrü', 'L', 'Arslan', '1983-03-14', 0, 'user46@example.com', '5762821565', 'M', 'nurse', 'Trabzon'),
('Cemal_Dogan', 'password123', 'Cemal', 'M', 'Doğan', '1968-06-24', 0, 'user47@example.com', '5052296266', 'M', 'architect', 'Giresun'),
('Enes_Kilic', 'password123', 'Enes', 'N', 'Kılıç', '1996-12-02', 0, 'user48@example.com', '5727358445', 'M', 'designer', 'Samsun'),
('Yunus_Yilmaz', 'password123', 'Yunus', 'O', 'Yılmaz', '1989-03-08', 0, 'user49@example.com', '5417888361', 'M', 'police officer', 'İstanbul'),
('Arif_Kaya', 'password123', 'Arif', 'P', 'Kaya', '1982-04-25', 0, 'user50@example.com', '5741837762', 'M', 'lawyer', 'Ankara'),
('Onur_Demir', 'password123', 'Onur', 'Q', 'Demir', '1981-05-27', 0, 'user51@example.com', '5329144725', 'M', 'dentist', 'İzmir'),
('Muhammet_Sahin', 'password123', 'Muhammet', 'R', 'Şahin', '1975-09-02', 0, 'user52@example.com', '5684190752', 'M', 'vet', 'Bursa'),
('Yilmaz_Celik', 'password123', 'Yılmaz', 'S', 'Çelik', '1990-12-19', 0, 'user53@example.com', '5396901777', 'M', 'engineer', 'Adana'),
('Halil_Ozturk', 'password123', 'Halil', 'T', 'Öztürk', '1996-02-01', 0, 'user54@example.com', '5918817953', 'M', 'doctor', 'Trabzon'),
('Hanife_Aydin', 'password123', 'Hanife', 'U', 'Aydın', '1982-03-28', 0, 'user55@example.com', '5307420029', 'F', 'accountant', 'Giresun'),
('Merve_Arslan', 'password123', 'Merve', 'V', 'Arslan', '1996-07-10', 0, 'user56@example.com', '5708252761', 'F', 'waiter', 'Samsun'),
('Zeliha_Dogan', 'password123', 'Zeliha', 'W', 'Doğan', '1974-09-28', 0, 'user57@example.com', '5493834126', 'F', 'nurse', 'İstanbul'),
('Esra_Kilic', 'password123', 'Esra', 'X', 'Kılıç', '2002-12-13', 0, 'user58@example.com', '5353377082', 'F', 'architect', 'Ankara'),
('Fadime_Yilmaz', 'password123', 'Fadime', 'Y', 'Yılmaz', '1971-02-02', 0, 'user59@example.com', '5229216657', 'F', 'designer', 'İzmir'),
('Ozlem_Kaya', 'password123', 'Özlem', 'Z', 'Kaya', '1986-07-21', 0, 'user60@example.com', '5359222724', 'F', 'police officer', 'Bursa'),
('Yasemin_Demir', 'password123', 'Yasemin', 'A', 'Demir', '1984-04-10', 0, 'user61@example.com', '5230162621', 'F', 'lawyer', 'Adana'),
('Melek_Sahin', 'password123', 'Melek', 'B', 'Şahin', '1990-07-20', 0, 'user62@example.com', '5206671212', 'F', 'dentist', 'Trabzon'),
('Rabia_Celik', 'password123', 'Rabia', 'C', 'Çelik', '1996-07-08', 0, 'user63@example.com', '5268010852', 'F', 'vet', 'Giresun'),
('Hulya_Ozturk', 'password123', 'Hülya', 'D', 'Öztürk', '1990-07-20', 0, 'user64@example.com', '5438978974', 'F', 'engineer', 'Samsun'),
('Cemile_Aydin', 'password123', 'Cemile', 'E', 'Aydın', '1989-09-02', 0, 'user65@example.com', '5387497311', 'F', 'doctor', 'İstanbul'),
('Sevim_Arslan', 'password123', 'Sevim', 'F', 'Arslan', '1972-07-09', 0, 'user66@example.com', '5414050386', 'F', 'accountant', 'Ankara'),
('Gulsum_Dogan', 'password123', 'Gülsüm', 'G', 'Doğan', '1967-01-23', 0, 'user67@example.com', '5398831051', 'F', 'waiter', 'İzmir'),
('Leyla_Kilic', 'password123', 'Leyla', 'H', 'Kılıç', '1989-09-17', 0, 'user68@example.com', '5951125599', 'F', 'nurse', 'Bursa'),
('Dilek_Yilmaz', 'password123', 'Dilek', 'I', 'Yılmaz', '1985-04-04', 0, 'user69@example.com', '5565221935', 'F', 'architect', 'Adana'),
('Busra_Kaya', 'password123', 'Büşra', 'J', 'Kaya', '1993-06-30', 0, 'user70@example.com', '5469473309', 'F', 'designer', 'Trabzon'),
('Aysel_Demir', 'password123', 'Aysel', 'K', 'Demir', '1992-10-06', 0, 'user71@example.com', '5226152329', 'F', 'police officer', 'Giresun'),
('Songul_Sahin', 'password123', 'Songül', 'L', 'Şahin', '1980-07-21', 0, 'user72@example.com', '5871960397', 'F', 'lawyer', 'Samsun'),
('Kubra_Celik', 'password123', 'Kübra', 'M', 'Çelik', '1978-03-23', 0, 'user73@example.com', '5502732906', 'F', 'dentist', 'İstanbul'),
('Esma_Ozturk', 'password123', 'Esma', 'N', 'Öztürk', '1964-03-12', 0, 'user74@example.com', '5665461810', 'F', 'vet', 'Ankara'),
('Aynur_Aydin', 'password123', 'Aynur', 'O', 'Aydın', '2001-12-27', 0, 'user75@example.com', '5339591632', 'F', 'engineer', 'İzmir'),
('Hayriye_Arslan', 'password123', 'Hayriye', 'P', 'Arslan', '1988-11-02', 0, 'user76@example.com', '5742183122', 'F', 'doctor', 'Bursa'),
('Kadriye_Dogan', 'password123', 'Kadriye', 'Q', 'Doğan', '1994-02-21', 0, 'user77@example.com', '5859382795', 'F', 'accountant', 'Adana'),
('Tugba_Kilic', 'password123', 'Tuğba', 'R', 'Kılıç', '1991-07-01', 0, 'user78@example.com', '5351312490', 'F', 'waiter', 'Trabzon'),
('Sevgi_Yilmaz', 'password123', 'Sevgi', 'S', 'Yılmaz', '1984-11-04', 0, 'user79@example.com', '5737023423', 'F', 'nurse', 'Giresun'),
('Rukiye_Kaya', 'password123', 'Rukiye', 'T', 'Kaya', '1965-02-26', 0, 'user80@example.com', '5000767180', 'F', 'architect', 'Samsun'),
('Havva_Demir', 'password123', 'Havva', 'U', 'Demir', '1969-04-30', 0, 'user81@example.com', '5398209948', 'F', 'designer', 'İstanbul'),
('Sibel_Sahin', 'password123', 'Sibel', 'V', 'Şahin', '2002-07-05', 0, 'user82@example.com', '5535350700', 'F', 'police officer', 'Ankara'),
('Derya_Celik', 'password123', 'Derya', 'W', 'Çelik', '1964-01-17', 0, 'user83@example.com', '5676645189', 'F', 'lawyer', 'İzmir'),
('Asiye_Ozturk', 'password123', 'Asiye', 'X', 'Öztürk', '2002-10-26', 0, 'user84@example.com', '5970212011', 'F', 'dentist', 'Bursa'),
('Filiz_Aydin', 'password123', 'Filiz', 'Y', 'Aydın', '1973-04-05', 0, 'user85@example.com', '5434278218', 'F', 'vet', 'Adana'),
('Kezban_Arslan', 'password123', 'Kezban', 'Z', 'Arslan', '1971-12-16', 0, 'user86@example.com', '5247226444', 'F', 'engineer', 'Trabzon'),
('Ebru_Dogan', 'password123', 'Ebru', 'A', 'Doğan', '1986-12-03', 0, 'user87@example.com', '5596416260', 'F', 'doctor', 'Giresun'),
('Aysegul_Kilic', 'password123', 'Ayşegül', 'B', 'Kılıç', '1990-06-24', 0, 'user88@example.com', '5605299529', 'F', 'accountant', 'Samsun'),
('Ece_Yilmaz', 'password123', 'Ece', 'C', 'Yılmaz', '1989-04-23', 0, 'user89@example.com', '5464520342', 'F', 'waiter', 'İstanbul'),
('Zeynep_Kaya', 'password123', 'Zeynep', 'D', 'Kaya', '1998-04-01', 0, 'user90@example.com', '5952446077', 'F', 'nurse', 'Ankara'),
('Elif_Demir', 'password123', 'Elif', 'E', 'Demir', '1997-06-11', 0, 'user91@example.com', '5069628776', 'F', 'architect', 'İzmir'),
('Selma_Sahin', 'password123', 'Selma', 'F', 'Şahin', '1980-06-23', 0, 'user92@example.com', '5263744801', 'F', 'designer', 'Bursa'),
('Zehra_Celik', 'password123', 'Zehra', 'G', 'Çelik', '1998-12-14', 0, 'user93@example.com', '5421706050', 'F', 'police officer', 'Adana'),
('Sultan_Ozturk', 'password123', 'Sultan', 'H', 'Öztürk', '1964-06-01', 0, 'user94@example.com', '5178627698', 'F', 'lawyer', 'Trabzon'),
('Hanife_Aydin2', 'password123', 'Hanife', 'I', 'Aydın', '1997-04-27', 0, 'user95@example.com', '5827286974', 'F', 'dentist', 'Giresun'),
('Merve_Arslan2', 'password123', 'Merve', 'J', 'Arslan', '1970-03-27', 0, 'user96@example.com', '5700724518', 'F', 'vet', 'Samsun'),
('Zeliha_Dogan2', 'password123', 'Zeliha', 'K', 'Doğan', '1981-01-06', 0, 'user97@example.com', '5111508295', 'F', 'engineer', 'İstanbul'),
('Esra_Kilic2', 'password123', 'Esra', 'L', 'Kılıç', '1995-11-29', 0, 'user98@example.com', '5129390702', 'F', 'doctor', 'Ankara'),
('Fadime_Yilmaz2', 'password123', 'Fadime', 'M', 'Yılmaz', '1975-12-19', 0, 'user99@example.com', '5540591973', 'F', 'accountant', 'İzmir'),
('Ozlem_Kaya2', 'password123', 'Özlem', 'N', 'Kaya', '1964-07-17', 0, 'user100@example.com', '5271535245', 'F', 'waiter', 'Bursa');

# making people unemployed for diversity
UPDATE users SET job=NULL WHERE username="Ozlem_Kaya2" OR username="Fadime_Yilmaz2" OR username="Bayram_Arslan" OR username="Ahmet_Kaya";

# /// REVIEWS ////////////////////////////////////////////////

INSERT INTO reviews (id, rating, title, text, product_id, user_id)
VALUES
-- John Doe's reviews
(1, 5, 'ASUS ROG Maximus Z790 Hero', 'ASUS ROG Maximus Z790 Hero is incredibly fast and lightweight. Perfect for work and travel.', 
    (SELECT id FROM products WHERE name = 'ASUS ROG Maximus Z790 Hero'), 1),
(2, 4, 'Smooth Logitech G502', 'The Logitech MX Master 3 is very comfortable to use, though its battery life could be improved.', 
    (SELECT id FROM products WHERE name = 'Logitech G502 HERO High Performance Gaming Mouse'), 1),

-- Jane Doe's reviews
(3, 2, 'Razer DeathAdder V2', 'nah not good enough.', 
    (SELECT id FROM products WHERE name = 'Razer DeathAdder V2 Pro Wireless Gaming Mouse'), 2),
(4, 4, 'Sharp LG UltraGear Monitor', 'The LG UltraGear Monitor offers amazing color and clarity. Great value for the price.', 
    (SELECT id FROM products WHERE name = 'LG 27GL850-B 27" QHD IPS 144Hz Gaming Monitor'), 2),

-- Bob Jones' reviews
(5, 5, 'Outstanding NVIDIA RTX 3080', 'The NVIDIA RTX 3080 lets me play all my games on max settings with no lag. Worth every penny!', 
    (SELECT id FROM products WHERE name = 'NVIDIA GeForce RTX 4080'), 3),

-- Alice Brown's reviews
(6, 4, 'Fast and relatively cheap', 'Cool processor.', 
    (SELECT id FROM products WHERE name = 'AMD Ryzen 7 5800X'), 4),

-- Mike Lee's reviews
(7, 5, 'Powerful AMD Ryzen 9 5900X', 'The AMD Ryzen 9 5900X handles multitasking and gaming like a dream. Absolutely top-notch.', 
    (SELECT id FROM products WHERE name = 'AMD Ryzen 7 5800X'), 5),
(8, 4, 'Reliable Corsair RM850x Power Supply', 'The Corsair RM850x is quiet and efficient, but it’s slightly on the expensive side.', 
    (SELECT id FROM products WHERE name = 'Corsair RM850x (2021)'), 5),

-- Emily White's reviews
(9, 1, 'Didnt like it', 'Intel Core i9-12900K, extremely hard to keep it cool enough.', 
    (SELECT id FROM products WHERE name = 'Intel Core i9-12900K'), 6),

-- David Black's reviews
(10, 3, 'Functional VIVO Monitor', 'Samsung Odyssey G9 49" DQHD 240Hz works fine, but I expected a sturdier build.', 
    (SELECT id FROM products WHERE name = 'Samsung Odyssey G9 49" DQHD 240Hz'), 7),
(11, 5, 'High-Performance Corsair Vengeance RAM', 'The Corsair Vengeance RAM offers amazing speed and stability at a reasonable price.', 
    (SELECT id FROM products WHERE name = 'Corsair Vengeance LPX 16GB (2x8GB) DDR4 3200MHz'), 7);
    
    
# /// ORDERS AND ORDER ITEMS ///////////////////////////////////////////////////////////////
INSERT INTO orders (id, order_date, status, total_price, user_id)
VALUES
-- John Doe's orders
(1, '2024-12-01', 'DELIVERED', 299.99, 1),
(2, '2024-12-08', 'CREATED', 79.99, 1),

-- Jane Doe's orders
(3, '2024-12-02', 'DELIVERED', 379.99, 2),

-- Bob Jones' orders
(4, '2024-12-03', 'DELIVERED', 1599.99, 3),

-- Alice Brown's orders
(5, '2024-12-05', 'SHIPPED', 449.99, 4),

-- Mike Lee's orders
(6, '2024-12-06', 'DELIVERED', 529.99, 5),

-- Emily White's orders
(7, '2024-12-07', 'CANCELED', 649.99, 6),

-- David Black's orders
(8, '2024-12-10', 'CREATED', 499.99, 7);

INSERT INTO order_items (id, quantity, order_id, product_id)
VALUES
-- Order Items for John Doe
(1, 1, 1, (SELECT id FROM products WHERE name = 'ASUS ROG Maximus Z790 Hero')), -- Reviewed product
(2, 2, 1, (SELECT id FROM products WHERE name = 'Logitech G502 HERO High Performance Gaming Mouse')), -- Reviewed product
(3, 1, 2, (SELECT id FROM products WHERE name = 'Intel Core i9-12900K')), -- Non-reviewed product

-- Order Items for Jane Doe
(4, 1, 3, (SELECT id FROM products WHERE name = 'Razer DeathAdder V2 Pro Wireless Gaming Mouse')), -- Reviewed product
(5, 1, 3, (SELECT id FROM products WHERE name = 'LG 27GL850-B 27" QHD IPS 144Hz Gaming Monitor')), -- Reviewed product

-- Order Items for Bob Jones
(6, 1, 4, (SELECT id FROM products WHERE name = 'NVIDIA GeForce RTX 4080')), -- Reviewed product
(7, 1, 4, (SELECT id FROM products WHERE name = 'MSI MPG Z790 Carbon WiFi')), -- Non-reviewed product

-- Order Items for Alice Brown
(8, 1, 5, (SELECT id FROM products WHERE name = 'AMD Ryzen 7 5800X')), -- Reviewed product
(9, 1, 5, (SELECT id FROM products WHERE name = 'SkyTech Blaze 3.0 Gaming PC')), -- Non-reviewed product

-- Order Items for Mike Lee
(10, 1, 6, (SELECT id FROM products WHERE name = 'AMD Ryzen 7 5800X')), -- Reviewed product
(11, 2, 6, (SELECT id FROM products WHERE name = 'Corsair RM850x (2021)')), -- Reviewed product

-- Order Items for Emily White
(12, 1, 7, (SELECT id FROM products WHERE name = 'Intel Core i9-12900K')), -- Reviewed product
(13, 1, 7, (SELECT id FROM products WHERE name = 'G.Skill Trident Z Neo 32GB (2x16GB) DDR4 3600MHz')), -- Non-reviewed product

-- Order Items for David Black
(14, 1, 8, (SELECT id FROM products WHERE name = 'Samsung Odyssey G9 49" DQHD 240Hz')), -- Reviewed product
(15, 1, 8, (SELECT id FROM products WHERE name = 'Corsair Vengeance LPX 16GB (2x8GB) DDR4 3200MHz')); -- Reviewed product

# create orders and order items

-- Orders SQL:
INSERT INTO orders (id, order_date, status, total_price, user_id) VALUES
(9, '2024-11-21', 'DELIVERED', 0, 5),
(10, '2024-12-12', 'SHIPPED', 0, 5),
(11, '2024-11-28', 'SHIPPED', 0, 6),
(12, '2024-12-03', 'SHIPPED', 0, 6),
(13, '2024-11-25', 'DELIVERED', 0, 7),
(14, '2024-12-05', 'SHIPPED', 0, 7),
(15, '2024-12-03', 'CREATED', 0, 7),
(16, '2024-11-25', 'DELIVERED', 0, 8),
(17, '2024-11-23', 'CREATED', 0, 8),
(18, '2024-11-18', 'CREATED', 0, 8),
(19, '2024-11-20', 'CREATED', 0, 9),
(20, '2024-12-03', 'DELIVERED', 0, 10),
(21, '2024-12-07', 'CREATED', 0, 11),
(22, '2024-11-26', 'DELIVERED', 0, 10),
(23, '2024-12-07', 'CREATED', 0, 11),
(24, '2024-12-09', 'CREATED', 0, 13),
(25, '2024-11-22', 'DELIVERED', 0, 12),
(26, '2024-12-15', 'CREATED', 0, 13),
(27, '2024-12-14', 'SHIPPED', 0, 13),
(28, '2024-12-17', 'DELIVERED', 0, 14),
(29, '2024-11-27', 'DELIVERED', 0, 15),
(30, '2024-12-17', 'SHIPPED', 0, 14),
(31, '2024-11-20', 'CREATED', 0, 15),
(32, '2024-12-13', 'DELIVERED', 0, 16),
(33, '2024-12-06', 'SHIPPED', 0, 17),
(34, '2024-12-09', 'DELIVERED', 0, 16),
(35, '2024-12-04', 'CREATED', 0, 17),
(36, '2024-11-27', 'SHIPPED', 0, 18),
(37, '2024-12-11', 'DELIVERED', 0, 19),
(38, '2024-12-11', 'SHIPPED', 0, 20),
(39, '2024-11-21', 'SHIPPED', 0, 21),
(40, '2024-11-26', 'CREATED', 0, 20),
(41, '2024-11-27', 'SHIPPED', 0, 21),
(42, '2024-12-09', 'CREATED', 0, 22),
(43, '2024-12-11', 'SHIPPED', 0, 23),
(44, '2024-12-07', 'CREATED', 0, 24),
(45, '2024-11-23', 'DELIVERED', 0, 25),
(46, '2024-12-17', 'CREATED', 0, 24),
(47, '2024-12-01', 'SHIPPED', 0, 25),
(48, '2024-11-26', 'CREATED', 0, 25),
(49, '2024-11-18', 'DELIVERED', 0, 26),
(50, '2024-12-01', 'CREATED', 0, 26),
(51, '2024-12-17', 'DELIVERED', 0, 27),
(52, '2024-12-17', 'SHIPPED', 0, 28),
(53, '2024-12-06', 'SHIPPED', 0, 29),
(54, '2024-12-17', 'SHIPPED', 0, 30),
(55, '2024-11-26', 'DELIVERED', 0, 31),
(56, '2024-11-22', 'CREATED', 0, 31),
(57, '2024-12-06', 'CREATED', 0, 32),
(58, '2024-12-17', 'DELIVERED', 0, 33),
(59, '2024-12-17', 'DELIVERED', 0, 35),
(60, '2024-12-13', 'CREATED', 0, 36),
(61, '2024-12-14', 'SHIPPED', 0, 37),
(62, '2024-12-08', 'DELIVERED', 0, 37),
(63, '2024-11-26', 'DELIVERED', 0, 38),
(64, '2024-11-29', 'DELIVERED', 0, 39),
(65, '2024-12-14', 'SHIPPED', 0, 38),
(66, '2024-11-19', 'CREATED', 0, 39),
(67, '2024-11-21', 'CREATED', 0, 40),
(68, '2024-12-06', 'CREATED', 0, 41),
(69, '2024-12-02', 'CREATED', 0, 40),
(70, '2024-11-27', 'SHIPPED', 0, 41),
(71, '2024-12-11', 'DELIVERED', 0, 42),
(72, '2024-11-19', 'DELIVERED', 0, 42),
(73, '2024-12-04', 'SHIPPED', 0, 43),
(74, '2024-12-01', 'DELIVERED', 0, 44),
(75, '2024-12-12', 'SHIPPED', 0, 45),
(76, '2024-12-09', 'SHIPPED', 0, 46),
(77, '2024-12-18', 'DELIVERED', 0, 47),
(78, '2024-11-20', 'CREATED', 0, 46),
(79, '2024-12-01', 'DELIVERED', 0, 47),
(80, '2024-12-07', 'SHIPPED', 0, 47),
(81, '2024-12-10', 'DELIVERED', 0, 48),
(82, '2024-12-18', 'DELIVERED', 0, 50),
(83, '2024-11-22', 'DELIVERED', 0, 51),
(84, '2024-12-01', 'CREATED', 0, 52),
(85, '2024-12-09', 'SHIPPED', 0, 51),
(86, '2024-11-28', 'SHIPPED', 0, 52),
(87, '2024-12-14', 'CREATED', 0, 53),
(88, '2024-11-22', 'DELIVERED', 0, 54),
(89, '2024-11-29', 'CREATED', 0, 53),
(90, '2024-11-22', 'DELIVERED', 0, 54),
(91, '2024-12-10', 'DELIVERED', 0, 55),
(92, '2024-12-11', 'SHIPPED', 0, 54),
(93, '2024-12-01', 'DELIVERED', 0, 55),
(94, '2024-12-17', 'CREATED', 0, 56),
(95, '2024-11-21', 'SHIPPED', 0, 56),
(96, '2024-12-14', 'SHIPPED', 0, 57),
(97, '2024-12-11', 'CREATED', 0, 57),
(98, '2024-11-24', 'SHIPPED', 0, 58),
(100, '2024-12-13', 'SHIPPED', 0, 58),
(101, '2024-12-16', 'SHIPPED', 0, 59),
(102, '2024-11-30', 'CREATED', 0, 59),
(103, '2024-11-28', 'CREATED', 0, 60),
(104, '2024-11-21', 'CREATED', 0, 62),
(105, '2024-12-07', 'CREATED', 0, 63),
(106, '2024-11-26', 'SHIPPED', 0, 63),
(107, '2024-12-01', 'CREATED', 0, 64),
(108, '2024-11-20', 'SHIPPED', 0, 64),
(109, '2024-12-13', 'DELIVERED', 0, 65),
(110, '2024-12-15', 'DELIVERED', 0, 66),
(111, '2024-11-30', 'SHIPPED', 0, 65),
(112, '2024-12-01', 'CREATED', 0, 66),
(113, '2024-12-02', 'DELIVERED', 0, 67),
(114, '2024-12-06', 'CREATED', 0, 67),
(115, '2024-11-19', 'SHIPPED', 0, 68),
(116, '2024-12-14', 'SHIPPED', 0, 69),
(117, '2024-12-09', 'SHIPPED', 0, 70),
(118, '2024-12-04', 'CREATED', 0, 70),
(119, '2024-12-10', 'DELIVERED', 0, 71),
(120, '2024-11-27', 'DELIVERED', 0, 73),
(121, '2024-12-18', 'CREATED', 0, 74),
(122, '2024-11-18', 'CREATED', 0, 75),
(123, '2024-12-04', 'SHIPPED', 0, 76),
(124, '2024-11-18', 'CREATED', 0, 77),
(125, '2024-12-05', 'SHIPPED', 0, 77),
(126, '2024-11-18', 'DELIVERED', 0, 78),
(127, '2024-12-12', 'SHIPPED', 0, 79),
(128, '2024-11-26', 'SHIPPED', 0, 80),
(129, '2024-12-13', 'DELIVERED', 0, 82),
(130, '2024-12-16', 'DELIVERED', 0, 83),
(131, '2024-12-13', 'DELIVERED', 0, 84),
(132, '2024-12-18', 'DELIVERED', 0, 83),
(133, '2024-12-08', 'CREATED', 0, 84),
(134, '2024-12-04', 'SHIPPED', 0, 84),
(135, '2024-12-12', 'CREATED', 0, 85),
(136, '2024-12-09', 'DELIVERED', 0, 86),
(137, '2024-11-21', 'CREATED', 0, 85),
(138, '2024-11-30', 'DELIVERED', 0, 86),
(139, '2024-12-03', 'DELIVERED', 0, 87),
(140, '2024-11-25', 'DELIVERED', 0, 86),
(141, '2024-11-20', 'DELIVERED', 0, 87),
(142, '2024-12-01', 'SHIPPED', 0, 87),
(143, '2024-11-25', 'DELIVERED', 0, 88),
(144, '2024-12-10', 'CREATED', 0, 89),
(145, '2024-12-12', 'DELIVERED', 0, 90),
(146, '2024-11-20', 'DELIVERED', 0, 91),
(147, '2024-11-19', 'DELIVERED', 0, 92),
(148, '2024-11-30', 'CREATED', 0, 93),
(149, '2024-12-16', 'DELIVERED', 0, 94),
(150, '2024-11-24', 'DELIVERED', 0, 95),
(151, '2024-12-10', 'CREATED', 0, 96),
(152, '2024-11-28', 'SHIPPED', 0, 96),
(153, '2024-11-20', 'DELIVERED', 0,97),
(154, '2024-12-01', 'SHIPPED', 0, 98),
(155, '2024-11-23', 'CREATED', 0, 97),
(156, '2024-11-24', 'DELIVERED', 0, 98),
(157, '2024-11-28', 'DELIVERED', 0, 99),
(158, '2024-11-20', 'SHIPPED', 0, 99),
(159, '2024-12-15', 'DELIVERED', 0, 100),
(160, '2024-11-28', 'DELIVERED', 0, 1),
(161, '2024-12-11', 'CREATED', 0, 1),
(162, '2024-12-02', 'CREATED', 0, 1),
(163, '2024-12-16', 'CREATED', 0, 2),
(164, '2024-12-08', 'DELIVERED', 0, 2),
(165, '2024-11-22', 'CREATED', 0, 3),
(166, '2024-11-30', 'DELIVERED', 0, 3),
(167, '2024-12-16', 'SHIPPED', 0, 3);

-- Order Items SQL:
INSERT INTO order_items (id, quantity, order_id, product_id) VALUES
(323, 3, 1, (SELECT id FROM products WHERE name = 'Intel Core i9-12900K')),
(324, 2, 1, (SELECT id FROM products WHERE name = 'MSI MPG Z790 Carbon WiFi')),
(325, 1, 1, (SELECT id FROM products WHERE name = 'Samsung Odyssey G9 49" DQHD 240Hz')),
(326, 1, 2, (SELECT id FROM products WHERE name = 'HP Omen 45L Gaming Desktop')),
(327, 1, 2, (SELECT id FROM products WHERE name = 'Corsair RM850x (2021)')),
(328, 3, 3, (SELECT id FROM products WHERE name = 'ASUS ROG Maximus Z790 Hero')),
(329, 1, 3, (SELECT id FROM products WHERE name = 'NVIDIA GeForce RTX 4080')),
(330, 3, 3, (SELECT id FROM products WHERE name = 'Samsung Odyssey G9 49" DQHD 240Hz')),
(331, 1, 4, (SELECT id FROM products WHERE name = 'AMD Radeon RX 7900 XTX')),
(332, 3, 5, (SELECT id FROM products WHERE name = 'Corsair 4000D Airflow')),
(333, 1, 5, (SELECT id FROM products WHERE name = 'Corsair RM850x (2021)')),
(334, 1, 5, (SELECT id FROM products WHERE name = 'SkyTech Blaze 3.0 Gaming PC')),
(335, 1, 6, (SELECT id FROM products WHERE name = 'Fractal Design Meshify 2')),
(336, 3, 6, (SELECT id FROM products WHERE name = 'G.Skill Trident Z Neo 32GB (2x16GB) DDR4 3600MHz')),
(337, 3, 7, (SELECT id FROM products WHERE name = 'Corsair RM850x (2021)')),
(16, 1, 7, (SELECT id FROM products WHERE name = 'Corsair 4000D Airflow')),
(17, 1, 8, (SELECT id FROM products WHERE name = 'ASUS ROG Zephyrus G14')),
(18, 2, 9, (SELECT id FROM products WHERE name = 'Samsung Odyssey G9 49" DQHD 240Hz')),
(19, 2, 9, (SELECT id FROM products WHERE name = 'MSI MPG Z790 Carbon WiFi')),
(20, 2, 10, (SELECT id FROM products WHERE name = 'ASUS ROG Maximus Z790 Hero')),
(21, 3, 11, (SELECT id FROM products WHERE name = 'Samsung Odyssey G9 49" DQHD 240Hz')),
(22, 3, 12, (SELECT id FROM products WHERE name = 'Corsair K70 RGB MK.2 Mechanical Keyboard')),
(23, 1, 12, (SELECT id FROM products WHERE name = 'Razer DeathAdder V2 Pro Wireless Gaming Mouse')),
(24, 1, 12, (SELECT id FROM products WHERE name = 'MSI MPG Z790 Carbon WiFi')),
(25, 3, 13, (SELECT id FROM products WHERE name = 'ASUS ROG Maximus Z790 Hero')),
(26, 3, 13, (SELECT id FROM products WHERE name = 'MSI MPG Z790 Carbon WiFi')),
(27, 3, 14, (SELECT id FROM products WHERE name = 'G.Skill Trident Z Neo 32GB (2x16GB) DDR4 3600MHz')),
(28, 2, 14, (SELECT id FROM products WHERE name = 'MSI MPG Z790 Carbon WiFi')),
(29, 3, 15, (SELECT id FROM products WHERE name = 'LG 27GL850-B 27" QHD IPS 144Hz Gaming Monitor')),
(30, 1, 15, (SELECT id FROM products WHERE name = 'Razer DeathAdder V2 Pro Wireless Gaming Mouse')),
(31, 2, 16, (SELECT id FROM products WHERE name = 'Corsair K70 RGB MK.2 Mechanical Keyboard')),
(32, 2, 16, (SELECT id FROM products WHERE name = 'Seasonic FOCUS GX-750')),
(33, 1, 17, (SELECT id FROM products WHERE name = 'AMD Ryzen 7 5800X')),
(34, 3, 17, (SELECT id FROM products WHERE name = 'ASUS ROG Maximus Z790 Hero')),
(35, 1, 17, (SELECT id FROM products WHERE name = 'Corsair 4000D Airflow')),
(36, 3, 18, (SELECT id FROM products WHERE name = 'LG 27GL850-B 27" QHD IPS 144Hz Gaming Monitor')),
(37, 3, 18, (SELECT id FROM products WHERE name = 'Logitech G915 TKL Wireless Gaming Keyboard')),
(38, 2, 18, (SELECT id FROM products WHERE name = 'Razer DeathAdder V2 Pro Wireless Gaming Mouse')),
(39, 2, 19, (SELECT id FROM products WHERE name = 'Seasonic FOCUS GX-750')),
(40, 2, 19, (SELECT id FROM products WHERE name = 'SkyTech Blaze 3.0 Gaming PC')),
(41, 3, 19, (SELECT id FROM products WHERE name = 'Razer DeathAdder V2 Pro Wireless Gaming Mouse')),
(42, 1, 20, (SELECT id FROM products WHERE name = 'Intel Core i9-12900K')),
(43, 1, 21, (SELECT id FROM products WHERE name = 'LG 27GL850-B 27" QHD IPS 144Hz Gaming Monitor')),
(44, 2, 22, (SELECT id FROM products WHERE name = 'Corsair Vengeance LPX 16GB (2x8GB) DDR4 3200MHz')),
(45, 3, 23, (SELECT id FROM products WHERE name = 'Corsair 4000D Airflow')),
(46, 2, 23, (SELECT id FROM products WHERE name = 'Seasonic FOCUS GX-750')),
(47, 2, 24, (SELECT id FROM products WHERE name = 'Logitech G502 HERO High Performance Gaming Mouse')),
(48, 3, 25, (SELECT id FROM products WHERE name = 'SkyTech Blaze 3.0 Gaming PC')),
(49, 3, 26, (SELECT id FROM products WHERE name = 'AMD Ryzen 7 5800X')),
(50, 3, 27, (SELECT id FROM products WHERE name = 'Samsung Odyssey G9 49" DQHD 240Hz')),
(51, 2, 27, (SELECT id FROM products WHERE name = 'Razer DeathAdder V2 Pro Wireless Gaming Mouse')),
(52, 3, 27, (SELECT id FROM products WHERE name = 'G.Skill Trident Z Neo 32GB (2x16GB) DDR4 3600MHz')),
(53, 3, 28, (SELECT id FROM products WHERE name = 'Logitech G502 HERO High Performance Gaming Mouse')),
(54, 1, 29, (SELECT id FROM products WHERE name = 'HP Omen 45L Gaming Desktop')),
(55, 2, 29, (SELECT id FROM products WHERE name = 'SkyTech Blaze 3.0 Gaming PC')),
(56, 3, 29, (SELECT id FROM products WHERE name = 'Corsair Vengeance LPX 16GB (2x8GB) DDR4 3200MHz')),
(57, 2, 30, (SELECT id FROM products WHERE name = 'MacBook Pro 16-inch')),
(58, 3, 30, (SELECT id FROM products WHERE name = 'SkyTech Blaze 3.0 Gaming PC')),
(59, 1, 30, (SELECT id FROM products WHERE name = 'AMD Ryzen 7 5800X')),
(60, 1, 31, (SELECT id FROM products WHERE name = 'ASUS ROG Maximus Z790 Hero')),
(61, 3, 31, (SELECT id FROM products WHERE name = 'AMD Radeon RX 7900 XTX')),
(62, 2, 32, (SELECT id FROM products WHERE name = 'Seasonic FOCUS GX-750')),
(63, 3, 32, (SELECT id FROM products WHERE name = 'Intel Core i9-12900K')),
(64, 2, 32, (SELECT id FROM products WHERE name = 'MSI MPG Z790 Carbon WiFi')),
(65, 3, 33, (SELECT id FROM products WHERE name = 'LG 27GL850-B 27" QHD IPS 144Hz Gaming Monitor')),
(66, 1, 33, (SELECT id FROM products WHERE name = 'Seasonic FOCUS GX-750')),
(67, 3, 34, (SELECT id FROM products WHERE name = 'Intel Core i9-12900K')),
(68, 3, 34, (SELECT id FROM products WHERE name = 'Fractal Design Meshify 2')),
(69, 2, 35, (SELECT id FROM products WHERE name = 'Corsair RM850x (2021)')),
(70, 2, 36, (SELECT id FROM products WHERE name = 'SkyTech Blaze 3.0 Gaming PC')),
(71, 1, 37, (SELECT id FROM products WHERE name = 'Corsair Vengeance LPX 16GB (2x8GB) DDR4 3200MHz')),
(72, 2, 37, (SELECT id FROM products WHERE name = 'Corsair RM850x (2021)')),
(73, 3, 38, (SELECT id FROM products WHERE name = 'AMD Ryzen 7 5800X')),
(74, 3, 38, (SELECT id FROM products WHERE name = 'Razer DeathAdder V2 Pro Wireless Gaming Mouse')),
(75, 1, 39, (SELECT id FROM products WHERE name = 'ASUS ROG Maximus Z790 Hero')),
(76, 2, 39, (SELECT id FROM products WHERE name = 'MacBook Pro 16-inch')),
(77, 3, 40, (SELECT id FROM products WHERE name = 'LG 27GL850-B 27" QHD IPS 144Hz Gaming Monitor')),
(78, 3, 40, (SELECT id FROM products WHERE name = 'AMD Ryzen 7 5800X')),
(79, 2, 40, (SELECT id FROM products WHERE name = 'G.Skill Trident Z Neo 32GB (2x16GB) DDR4 3600MHz')),
(80, 1, 41, (SELECT id FROM products WHERE name = 'ASUS ROG Maximus Z790 Hero')),
(81, 1, 41, (SELECT id FROM products WHERE name = 'NVIDIA GeForce RTX 4080')),
(82, 3, 42, (SELECT id FROM products WHERE name = 'Corsair K70 RGB MK.2 Mechanical Keyboard')),
(83, 1, 43, (SELECT id FROM products WHERE name = 'Fractal Design Meshify 2')),
(84, 3, 43, (SELECT id FROM products WHERE name = 'Razer DeathAdder V2 Pro Wireless Gaming Mouse')),
(85, 1, 43, (SELECT id FROM products WHERE name = 'ASUS ROG Maximus Z790 Hero')),
(86, 3, 44, (SELECT id FROM products WHERE name = 'Corsair K70 RGB MK.2 Mechanical Keyboard')),
(87, 1, 44, (SELECT id FROM products WHERE name = 'Corsair Vengeance LPX 16GB (2x8GB) DDR4 3200MHz')),
(88, 2, 45, (SELECT id FROM products WHERE name = 'Intel Core i9-12900K')),
(89, 1, 46, (SELECT id FROM products WHERE name = 'Corsair 4000D Airflow')),
(90, 2, 46, (SELECT id FROM products WHERE name = 'Corsair Vengeance LPX 16GB (2x8GB) DDR4 3200MHz')),
(91, 3, 46, (SELECT id FROM products WHERE name = 'Logitech G502 HERO High Performance Gaming Mouse')),
(92, 2, 47, (SELECT id FROM products WHERE name = 'HP Omen 45L Gaming Desktop')),
(93, 2, 48, (SELECT id FROM products WHERE name = 'LG 27GL850-B 27" QHD IPS 144Hz Gaming Monitor')),
(94, 3, 48, (SELECT id FROM products WHERE name = 'MacBook Pro 16-inch')),
(95, 1, 49, (SELECT id FROM products WHERE name = 'Corsair Vengeance LPX 16GB (2x8GB) DDR4 3200MHz')),
(96, 3, 49, (SELECT id FROM products WHERE name = 'AMD Radeon RX 7900 XTX')),
(97, 2, 49, (SELECT id FROM products WHERE name = 'ASUS ROG Maximus Z790 Hero')),
(98, 2, 50, (SELECT id FROM products WHERE name = 'AMD Ryzen 7 5800X')),
(99, 3, 51, (SELECT id FROM products WHERE name = 'NVIDIA GeForce RTX 4080')),
(100, 3, 52, (SELECT id FROM products WHERE name = 'HP Omen 45L Gaming Desktop')),
(101, 1, 53, (SELECT id FROM products WHERE name = 'Corsair RM850x (2021)')),
(102, 1, 53, (SELECT id FROM products WHERE name = 'ASUS ROG Maximus Z790 Hero')),
(103, 3, 53, (SELECT id FROM products WHERE name = 'G.Skill Trident Z Neo 32GB (2x16GB) DDR4 3600MHz')),
(104, 3, 54, (SELECT id FROM products WHERE name = 'LG 27GL850-B 27" QHD IPS 144Hz Gaming Monitor')),
(105, 1, 54, (SELECT id FROM products WHERE name = 'MSI MPG Z790 Carbon WiFi')),
(106, 2, 54, (SELECT id FROM products WHERE name = 'AMD Ryzen 7 5800X')),
(107, 2, 55, (SELECT id FROM products WHERE name = 'Samsung Odyssey G9 49" DQHD 240Hz')),
(108, 2, 56, (SELECT id FROM products WHERE name = 'Fractal Design Meshify 2')),
(109, 1, 57, (SELECT id FROM products WHERE name = 'LG 27GL850-B 27" QHD IPS 144Hz Gaming Monitor')),
(110, 1, 57, (SELECT id FROM products WHERE name = 'ASUS ROG Maximus Z790 Hero')),
(111, 3, 57, (SELECT id FROM products WHERE name = 'Razer DeathAdder V2 Pro Wireless Gaming Mouse')),
(112, 2, 58, (SELECT id FROM products WHERE name = 'SkyTech Blaze 3.0 Gaming PC')),
(113, 2, 58, (SELECT id FROM products WHERE name = 'Corsair K70 RGB MK.2 Mechanical Keyboard')),
(114, 1, 59, (SELECT id FROM products WHERE name = 'MSI MPG Z790 Carbon WiFi')),
(115, 1, 60, (SELECT id FROM products WHERE name = 'NVIDIA GeForce RTX 4080')),
(116, 2, 60, (SELECT id FROM products WHERE name = 'Fractal Design Meshify 2')),
(117, 1, 61, (SELECT id FROM products WHERE name = 'ASUS ROG Zephyrus G14')),
(118, 2, 61, (SELECT id FROM products WHERE name = 'Logitech G915 TKL Wireless Gaming Keyboard')),
(119, 1, 61, (SELECT id FROM products WHERE name = 'Logitech G502 HERO High Performance Gaming Mouse')),
(120, 2, 62, (SELECT id FROM products WHERE name = 'Seasonic FOCUS GX-750')),
(121, 1, 62, (SELECT id FROM products WHERE name = 'Logitech G915 TKL Wireless Gaming Keyboard')),
(122, 3, 63, (SELECT id FROM products WHERE name = 'Logitech G502 HERO High Performance Gaming Mouse')),
(123, 1, 63, (SELECT id FROM products WHERE name = 'Fractal Design Meshify 2')),
(124, 2, 64, (SELECT id FROM products WHERE name = 'NVIDIA GeForce RTX 4080')),
(125, 1, 64, (SELECT id FROM products WHERE name = 'Fractal Design Meshify 2')),
(126, 2, 64, (SELECT id FROM products WHERE name = 'Logitech G915 TKL Wireless Gaming Keyboard')),
(127, 3, 65, (SELECT id FROM products WHERE name = 'LG 27GL850-B 27" QHD IPS 144Hz Gaming Monitor')),
(128, 1, 65, (SELECT id FROM products WHERE name = 'Corsair 4000D Airflow')),
(129, 3, 65, (SELECT id FROM products WHERE name = 'Razer DeathAdder V2 Pro Wireless Gaming Mouse')),
(130, 2, 66, (SELECT id FROM products WHERE name = 'LG 27GL850-B 27" QHD IPS 144Hz Gaming Monitor')),
(131, 2, 66, (SELECT id FROM products WHERE name = 'ASUS ROG Zephyrus G14')),
(132, 1, 67, (SELECT id FROM products WHERE name = 'AMD Radeon RX 7900 XTX')),
(133, 1, 67, (SELECT id FROM products WHERE name = 'SkyTech Blaze 3.0 Gaming PC')),
(134, 1, 68, (SELECT id FROM products WHERE name = 'Logitech G502 HERO High Performance Gaming Mouse')),
(135, 3, 69, (SELECT id FROM products WHERE name = 'HP Omen 45L Gaming Desktop')),
(136, 2, 69, (SELECT id FROM products WHERE name = 'SkyTech Blaze 3.0 Gaming PC')),
(137, 1, 70, (SELECT id FROM products WHERE name = 'AMD Ryzen 7 5800X')),
(138, 1, 70, (SELECT id FROM products WHERE name = 'Fractal Design Meshify 2')),
(139, 2, 71, (SELECT id FROM products WHERE name = 'Corsair 4000D Airflow')),
(140, 1, 71, (SELECT id FROM products WHERE name = 'Logitech G915 TKL Wireless Gaming Keyboard')),
(141, 1, 71, (SELECT id FROM products WHERE name = 'Corsair K70 RGB MK.2 Mechanical Keyboard')),
(142, 2, 72, (SELECT id FROM products WHERE name = 'ASUS ROG Maximus Z790 Hero')),
(143, 1, 72, (SELECT id FROM products WHERE name = 'ASUS ROG Zephyrus G14')),
(144, 2, 73, (SELECT id FROM products WHERE name = 'Fractal Design Meshify 2')),
(145, 3, 73, (SELECT id FROM products WHERE name = 'Corsair 4000D Airflow')),
(146, 3, 74, (SELECT id FROM products WHERE name = 'Samsung Odyssey G9 49" DQHD 240Hz')),
(147, 2, 74, (SELECT id FROM products WHERE name = 'Logitech G502 HERO High Performance Gaming Mouse')),
(148, 2, 75, (SELECT id FROM products WHERE name = 'SkyTech Blaze 3.0 Gaming PC')),
(149, 3, 76, (SELECT id FROM products WHERE name = 'Logitech G915 TKL Wireless Gaming Keyboard')),
(150, 2, 77, (SELECT id FROM products WHERE name = 'ASUS ROG Zephyrus G14')),
(151, 1, 77, (SELECT id FROM products WHERE name = 'NVIDIA GeForce RTX 4080')),
(152, 3, 78, (SELECT id FROM products WHERE name = 'Corsair 4000D Airflow')),
(153, 3, 78, (SELECT id FROM products WHERE name = 'MacBook Pro 16-inch')),
(154, 3, 79, (SELECT id FROM products WHERE name = 'NVIDIA GeForce RTX 4080')),
(155, 2, 79, (SELECT id FROM products WHERE name = 'LG 27GL850-B 27" QHD IPS 144Hz Gaming Monitor')),
(156, 2, 79, (SELECT id FROM products WHERE name = 'G.Skill Trident Z Neo 32GB (2x16GB) DDR4 3600MHz')),
(157, 3, 80, (SELECT id FROM products WHERE name = 'HP Omen 45L Gaming Desktop')),
(158, 2, 80, (SELECT id FROM products WHERE name = 'G.Skill Trident Z Neo 32GB (2x16GB) DDR4 3600MHz')),
(159, 1, 80, (SELECT id FROM products WHERE name = 'SkyTech Blaze 3.0 Gaming PC')),
(338, 2, 81, (SELECT id FROM products WHERE name = 'AMD Radeon RX 7900 XTX')),
(339, 2, 81, (SELECT id FROM products WHERE name = 'HP Omen 45L Gaming Desktop')),
(340, 1, 82, (SELECT id FROM products WHERE name = 'NVIDIA GeForce RTX 4080')),
(341, 1, 83, (SELECT id FROM products WHERE name = 'Corsair RM850x (2021)')),
(342, 2, 83, (SELECT id FROM products WHERE name = 'NVIDIA GeForce RTX 4080')),
(343, 3, 84, (SELECT id FROM products WHERE name = 'Logitech G502 HERO High Performance Gaming Mouse')),
(344, 2, 84, (SELECT id FROM products WHERE name = 'AMD Ryzen 7 5800X')),
(345, 1, 84, (SELECT id FROM products WHERE name = 'Intel Core i9-12900K')),
(168, 3, 85, (SELECT id FROM products WHERE name = 'Razer DeathAdder V2 Pro Wireless Gaming Mouse')),
(169, 2, 86, (SELECT id FROM products WHERE name = 'NVIDIA GeForce RTX 4080')),
(170, 2, 86, (SELECT id FROM products WHERE name = 'Corsair K70 RGB MK.2 Mechanical Keyboard')),
(171, 3, 86, (SELECT id FROM products WHERE name = 'LG 27GL850-B 27" QHD IPS 144Hz Gaming Monitor')),
(172, 2, 87, (SELECT id FROM products WHERE name = 'Corsair Vengeance LPX 16GB (2x8GB) DDR4 3200MHz')),
(173, 2, 87, (SELECT id FROM products WHERE name = 'Intel Core i9-12900K')),
(174, 1, 88, (SELECT id FROM products WHERE name = 'Razer DeathAdder V2 Pro Wireless Gaming Mouse')),
(175, 1, 88, (SELECT id FROM products WHERE name = 'MSI MPG Z790 Carbon WiFi')),
(176, 2, 89, (SELECT id FROM products WHERE name = 'NVIDIA GeForce RTX 4080')),
(177, 1, 89, (SELECT id FROM products WHERE name = 'AMD Ryzen 7 5800X')),
(178, 1, 90, (SELECT id FROM products WHERE name = 'ASUS ROG Maximus Z790 Hero')),
(179, 2, 91, (SELECT id FROM products WHERE name = 'NVIDIA GeForce RTX 4080')),
(180, 2, 91, (SELECT id FROM products WHERE name = 'Samsung Odyssey G9 49" DQHD 240Hz')),
(181, 2, 91, (SELECT id FROM products WHERE name = 'Logitech G502 HERO High Performance Gaming Mouse')),
(182, 1, 92, (SELECT id FROM products WHERE name = 'Corsair 4000D Airflow')),
(183, 2, 92, (SELECT id FROM products WHERE name = 'Logitech G502 HERO High Performance Gaming Mouse')),
(184, 3, 93, (SELECT id FROM products WHERE name = 'Samsung Odyssey G9 49" DQHD 240Hz')),
(185, 1, 93, (SELECT id FROM products WHERE name = 'MacBook Pro 16-inch')),
(186, 3, 93, (SELECT id FROM products WHERE name = 'HP Omen 45L Gaming Desktop')),
(187, 3, 94, (SELECT id FROM products WHERE name = 'SkyTech Blaze 3.0 Gaming PC')),
(188, 2, 95, (SELECT id FROM products WHERE name = 'Corsair RM850x (2021)')),
(189, 3, 95, (SELECT id FROM products WHERE name = 'Seasonic FOCUS GX-750')),
(190, 1, 96, (SELECT id FROM products WHERE name = 'HP Omen 45L Gaming Desktop')),
(191, 3, 96, (SELECT id FROM products WHERE name = 'Seasonic FOCUS GX-750')),
(192, 1, 96, (SELECT id FROM products WHERE name = 'LG 27GL850-B 27" QHD IPS 144Hz Gaming Monitor')),
(193, 2, 97, (SELECT id FROM products WHERE name = 'Intel Core i9-12900K')),
(194, 2, 97, (SELECT id FROM products WHERE name = 'AMD Ryzen 7 5800X')),
(195, 2, 98, (SELECT id FROM products WHERE name = 'AMD Ryzen 7 5800X')),
(196, 1, 98, (SELECT id FROM products WHERE name = 'LG 27GL850-B 27" QHD IPS 144Hz Gaming Monitor')),
(197, 2, 98, (SELECT id FROM products WHERE name = 'Razer DeathAdder V2 Pro Wireless Gaming Mouse')),
-- (198, 1, 99, (SELECT id FROM products WHERE name = 'LG 27GL850-B 27" QHD IPS 144Hz Gaming Monitor')),
(199, 1, 100, (SELECT id FROM products WHERE name = 'ASUS ROG Maximus Z790 Hero')),
(200, 1, 100, (SELECT id FROM products WHERE name = 'G.Skill Trident Z Neo 32GB (2x16GB) DDR4 3600MHz')),
(201, 3, 101, (SELECT id FROM products WHERE name = 'AMD Radeon RX 7900 XTX')),
(202, 2, 101, (SELECT id FROM products WHERE name = 'Corsair K70 RGB MK.2 Mechanical Keyboard')),
(203, 3, 101, (SELECT id FROM products WHERE name = 'Fractal Design Meshify 2')),
(204, 3, 102, (SELECT id FROM products WHERE name = 'Seasonic FOCUS GX-750')),
(205, 1, 102, (SELECT id FROM products WHERE name = 'Corsair RM850x (2021)')),
(206, 2, 103, (SELECT id FROM products WHERE name = 'ASUS ROG Zephyrus G14')),
(207, 1, 103, (SELECT id FROM products WHERE name = 'Corsair 4000D Airflow')),
(208, 1, 103, (SELECT id FROM products WHERE name = 'ASUS ROG Maximus Z790 Hero')),
(209, 2, 104, (SELECT id FROM products WHERE name = 'MacBook Pro 16-inch')),
(210, 3, 104, (SELECT id FROM products WHERE name = 'HP Omen 45L Gaming Desktop')),
(211, 2, 105, (SELECT id FROM products WHERE name = 'Corsair RM850x (2021)')),
(212, 1, 106, (SELECT id FROM products WHERE name = 'NVIDIA GeForce RTX 4080')),
(213, 1, 106, (SELECT id FROM products WHERE name = 'Logitech G915 TKL Wireless Gaming Keyboard')),
(214, 2, 106, (SELECT id FROM products WHERE name = 'HP Omen 45L Gaming Desktop')),
(215, 3, 107, (SELECT id FROM products WHERE name = 'Corsair RM850x (2021)')),
(216, 1, 107, (SELECT id FROM products WHERE name = 'MSI MPG Z790 Carbon WiFi')),
(217, 1, 108, (SELECT id FROM products WHERE name = 'MSI MPG Z790 Carbon WiFi')),
(218, 1, 109, (SELECT id FROM products WHERE name = 'G.Skill Trident Z Neo 32GB (2x16GB) DDR4 3600MHz')),
(219, 3, 110, (SELECT id FROM products WHERE name = 'MSI MPG Z790 Carbon WiFi')),
(220, 2, 111, (SELECT id FROM products WHERE name = 'ASUS ROG Maximus Z790 Hero')),
(221, 2, 111, (SELECT id FROM products WHERE name = 'Corsair K70 RGB MK.2 Mechanical Keyboard')),
(222, 3, 112, (SELECT id FROM products WHERE name = 'Samsung Odyssey G9 49" DQHD 240Hz')),
(223, 3, 112, (SELECT id FROM products WHERE name = 'NVIDIA GeForce RTX 4080')),
(224, 1, 112, (SELECT id FROM products WHERE name = 'ASUS ROG Zephyrus G14')),
(225, 3, 113, (SELECT id FROM products WHERE name = 'ASUS ROG Maximus Z790 Hero')),
(226, 1, 113, (SELECT id FROM products WHERE name = 'SkyTech Blaze 3.0 Gaming PC')),
(227, 3, 114, (SELECT id FROM products WHERE name = 'Intel Core i9-12900K')),
(228, 3, 114, (SELECT id FROM products WHERE name = 'AMD Radeon RX 7900 XTX')),
(229, 3, 115, (SELECT id FROM products WHERE name = 'LG 27GL850-B 27" QHD IPS 144Hz Gaming Monitor')),
(230, 3, 115, (SELECT id FROM products WHERE name = 'Logitech G502 HERO High Performance Gaming Mouse')),
(231, 2, 115, (SELECT id FROM products WHERE name = 'HP Omen 45L Gaming Desktop')),
(232, 2, 116, (SELECT id FROM products WHERE name = 'NVIDIA GeForce RTX 4080')),
(233, 1, 116, (SELECT id FROM products WHERE name = 'MacBook Pro 16-inch')),
(234, 1, 116, (SELECT id FROM products WHERE name = 'MSI MPG Z790 Carbon WiFi')),
(235, 1, 117, (SELECT id FROM products WHERE name = 'AMD Ryzen 7 5800X')),
(236, 3, 117, (SELECT id FROM products WHERE name = 'MSI MPG Z790 Carbon WiFi')),
(237, 1, 117, (SELECT id FROM products WHERE name = 'Intel Core i9-12900K')),
(238, 2, 118, (SELECT id FROM products WHERE name = 'Intel Core i9-12900K')),
(239, 2, 118, (SELECT id FROM products WHERE name = 'Corsair 4000D Airflow')),
(240, 1, 119, (SELECT id FROM products WHERE name = 'Logitech G915 TKL Wireless Gaming Keyboard')),
(241, 3, 119, (SELECT id FROM products WHERE name = 'Corsair RM850x (2021)')),
(242, 3, 119, (SELECT id FROM products WHERE name = 'Razer DeathAdder V2 Pro Wireless Gaming Mouse')),
(243, 2, 120, (SELECT id FROM products WHERE name = 'G.Skill Trident Z Neo 32GB (2x16GB) DDR4 3600MHz')),
(244, 1, 121, (SELECT id FROM products WHERE name = 'LG 27GL850-B 27" QHD IPS 144Hz Gaming Monitor')),
(245, 2, 121, (SELECT id FROM products WHERE name = 'AMD Ryzen 7 5800X')),
(246, 1, 121, (SELECT id FROM products WHERE name = 'AMD Radeon RX 7900 XTX')),
(247, 3, 122, (SELECT id FROM products WHERE name = 'MSI MPG Z790 Carbon WiFi')),
(248, 2, 123, (SELECT id FROM products WHERE name = 'Intel Core i9-12900K')),
(249, 1, 123, (SELECT id FROM products WHERE name = 'Logitech G915 TKL Wireless Gaming Keyboard')),
(250, 2, 124, (SELECT id FROM products WHERE name = 'ASUS ROG Zephyrus G14')),
(251, 2, 124, (SELECT id FROM products WHERE name = 'MacBook Pro 16-inch')),
(252, 2, 124, (SELECT id FROM products WHERE name = 'LG 27GL850-B 27" QHD IPS 144Hz Gaming Monitor')),
(253, 3, 125, (SELECT id FROM products WHERE name = 'HP Omen 45L Gaming Desktop')),
(254, 3, 125, (SELECT id FROM products WHERE name = 'MacBook Pro 16-inch')),
(255, 1, 125, (SELECT id FROM products WHERE name = 'Samsung Odyssey G9 49" DQHD 240Hz')),
(256, 2, 126, (SELECT id FROM products WHERE name = 'Samsung Odyssey G9 49" DQHD 240Hz')),
(257, 3, 126, (SELECT id FROM products WHERE name = 'ASUS ROG Maximus Z790 Hero')),
(258, 2, 127, (SELECT id FROM products WHERE name = 'Seasonic FOCUS GX-750')),
(259, 1, 127, (SELECT id FROM products WHERE name = 'ASUS ROG Zephyrus G14')),
(260, 1, 128, (SELECT id FROM products WHERE name = 'MSI MPG Z790 Carbon WiFi')),
(261, 2, 129, (SELECT id FROM products WHERE name = 'Fractal Design Meshify 2')),
(262, 3, 129, (SELECT id FROM products WHERE name = 'MacBook Pro 16-inch')),
(263, 1, 129, (SELECT id FROM products WHERE name = 'LG 27GL850-B 27" QHD IPS 144Hz Gaming Monitor')),
(264, 2, 130, (SELECT id FROM products WHERE name = 'AMD Ryzen 7 5800X')),
(265, 1, 131, (SELECT id FROM products WHERE name = 'MSI MPG Z790 Carbon WiFi')),
(266, 2, 132, (SELECT id FROM products WHERE name = 'ASUS ROG Maximus Z790 Hero')),
(267, 2, 133, (SELECT id FROM products WHERE name = 'AMD Radeon RX 7900 XTX')),
(268, 3, 133, (SELECT id FROM products WHERE name = 'Corsair 4000D Airflow')),
(269, 2, 134, (SELECT id FROM products WHERE name = 'SkyTech Blaze 3.0 Gaming PC')),
(270, 3, 134, (SELECT id FROM products WHERE name = 'Intel Core i9-12900K')),
(271, 1, 135, (SELECT id FROM products WHERE name = 'MacBook Pro 16-inch')),
(272, 2, 136, (SELECT id FROM products WHERE name = 'G.Skill Trident Z Neo 32GB (2x16GB) DDR4 3600MHz')),
(273, 2, 136, (SELECT id FROM products WHERE name = 'Samsung Odyssey G9 49" DQHD 240Hz')),
(274, 1, 137, (SELECT id FROM products WHERE name = 'ASUS ROG Maximus Z790 Hero')),
(275, 3, 137, (SELECT id FROM products WHERE name = 'LG 27GL850-B 27" QHD IPS 144Hz Gaming Monitor')),
(276, 3, 137, (SELECT id FROM products WHERE name = 'Razer DeathAdder V2 Pro Wireless Gaming Mouse')),
(277, 3, 138, (SELECT id FROM products WHERE name = 'Logitech G502 HERO High Performance Gaming Mouse')),
(278, 3, 138, (SELECT id FROM products WHERE name = 'ASUS ROG Maximus Z790 Hero')),
(279, 2, 138, (SELECT id FROM products WHERE name = 'AMD Radeon RX 7900 XTX')),
(280, 3, 139, (SELECT id FROM products WHERE name = 'AMD Ryzen 7 5800X')),
(281, 1, 140, (SELECT id FROM products WHERE name = 'MacBook Pro 16-inch')),
(282, 2, 141, (SELECT id FROM products WHERE name = 'ASUS ROG Zephyrus G14')),
(283, 2, 142, (SELECT id FROM products WHERE name = 'Samsung Odyssey G9 49" DQHD 240Hz')),
(284, 2, 143, (SELECT id FROM products WHERE name = 'G.Skill Trident Z Neo 32GB (2x16GB) DDR4 3600MHz')),
(285, 3, 143, (SELECT id FROM products WHERE name = 'Corsair RM850x (2021)')),
(286, 1, 144, (SELECT id FROM products WHERE name = 'Seasonic FOCUS GX-750')),
(287, 3, 144, (SELECT id FROM products WHERE name = 'Logitech G502 HERO High Performance Gaming Mouse')),
(288, 3, 144, (SELECT id FROM products WHERE name = 'Logitech G915 TKL Wireless Gaming Keyboard')),
(289, 3, 145, (SELECT id FROM products WHERE name = 'HP Omen 45L Gaming Desktop')),
(290, 3, 146, (SELECT id FROM products WHERE name = 'Logitech G915 TKL Wireless Gaming Keyboard')),
(291, 2, 146, (SELECT id FROM products WHERE name = 'Corsair K70 RGB MK.2 Mechanical Keyboard')),
(292, 3, 146, (SELECT id FROM products WHERE name = 'Fractal Design Meshify 2')),
(293, 2, 147, (SELECT id FROM products WHERE name = 'Razer DeathAdder V2 Pro Wireless Gaming Mouse')),
(294, 3, 147, (SELECT id FROM products WHERE name = 'G.Skill Trident Z Neo 32GB (2x16GB) DDR4 3600MHz')),
(295, 3, 147, (SELECT id FROM products WHERE name = 'MSI MPG Z790 Carbon WiFi')),
(296, 2, 148, (SELECT id FROM products WHERE name = 'Seasonic FOCUS GX-750')),
(297, 2, 148, (SELECT id FROM products WHERE name = 'G.Skill Trident Z Neo 32GB (2x16GB) DDR4 3600MHz')),
(298, 2, 148, (SELECT id FROM products WHERE name = 'Corsair 4000D Airflow')),
(299, 1, 149, (SELECT id FROM products WHERE name = 'Corsair Vengeance LPX 16GB (2x8GB) DDR4 3200MHz')),
(300, 2, 149, (SELECT id FROM products WHERE name = 'Logitech G915 TKL Wireless Gaming Keyboard')),
(301, 2, 149, (SELECT id FROM products WHERE name = 'ASUS ROG Maximus Z790 Hero')),
(302, 1, 150, (SELECT id FROM products WHERE name = 'MacBook Pro 16-inch')),
(303, 1, 150, (SELECT id FROM products WHERE name = 'ASUS ROG Maximus Z790 Hero')),
(304, 3, 150, (SELECT id FROM products WHERE name = 'AMD Radeon RX 7900 XTX')),
(305, 3, 151, (SELECT id FROM products WHERE name = 'MSI MPG Z790 Carbon WiFi')),
(306, 3, 152, (SELECT id FROM products WHERE name = 'Fractal Design Meshify 2')),
(307, 1, 152, (SELECT id FROM products WHERE name = 'ASUS ROG Zephyrus G14')),
(308, 2, 153, (SELECT id FROM products WHERE name = 'Seasonic FOCUS GX-750')),
(309, 1, 153, (SELECT id FROM products WHERE name = 'MSI MPG Z790 Carbon WiFi')),
(310, 1, 154, (SELECT id FROM products WHERE name = 'AMD Radeon RX 7900 XTX')),
(311, 2, 155, (SELECT id FROM products WHERE name = 'Fractal Design Meshify 2')),
(312, 1, 155, (SELECT id FROM products WHERE name = 'ASUS ROG Maximus Z790 Hero')),
(313, 3, 156, (SELECT id FROM products WHERE name = 'Corsair RM850x (2021)')),
(314, 2, 156, (SELECT id FROM products WHERE name = 'Seasonic FOCUS GX-750')),
(315, 2, 157, (SELECT id FROM products WHERE name = 'Corsair Vengeance LPX 16GB (2x8GB) DDR4 3200MHz')),
(316, 3, 157, (SELECT id FROM products WHERE name = 'ASUS ROG Maximus Z790 Hero')),
(317, 3, 158, (SELECT id FROM products WHERE name = 'AMD Ryzen 7 5800X')),
(318, 3, 158, (SELECT id FROM products WHERE name = 'Logitech G502 HERO High Performance Gaming Mouse')),
(319, 3, 158, (SELECT id FROM products WHERE name = 'Intel Core i9-12900K')),
(320, 1, 159, (SELECT id FROM products WHERE name = 'Razer DeathAdder V2 Pro Wireless Gaming Mouse')),
(321, 3, 159, (SELECT id FROM products WHERE name = 'Corsair RM850x (2021)')),
(322, 3, 159, (SELECT id FROM products WHERE name = 'Logitech G502 HERO High Performance Gaming Mouse'));
